"Group","SHA1","ID","Folder","FileName","Title","[Removed]","Sort Title","Version","Year","Publisher","Zone","DumpStatus","Dump Info","Fixed","Trainer","Translation","Pirate","Cracked","Modified","Hack","Extra Parameters"
@,,004bcad83c2a62880cfb119f325c4c996aac5bbb,,,"Beef Drop",,,beta,2004/11/10,"Siders, Ken",@,@,@,@,@,@,@,@,@,@,@,,,
@,,00637d5949985ca0750f9481d6370629cfcbda68,,,"Space War!",,,v20030930,2003,"Eric Ball",@,@,@,@,@,@,@,@,@,@,@,,,
"Fatal Run",,010773e4d837c4fe4e27b8996c3005435566e656,,,,,,PAL,1990,Atari,,?,,,,,,,,,@,,,
!NoRen,,019fbea42c09e1c0fe57d436ae51a3c02e6f6002,,,"Alien Brigade",,,PAL,1991,Atari,,?,,,,,,,,CC2,,,,
"!Public Domain",,01a7072157b714dab4379f205faf1cede172fabc,,,"Senso 7800 DX2",,,,2002,Taquart,,?,,,,,,,,,@,,,
"!Public Domain",,01d8ef76dc2eb2845418bbe5d1d57aa1d591fd63,,,"Beef Drop",,,Alpha,2004/10/28,"Siders, Ken",,?,,,,,,,,,@,,,
"3D Asteroids",,02107190aaeeb578f5c11180e20b5061d51306cf,,,,,,"Prototype | NTSC",1984,Atari,,b,,,,,,,,,@,,,
Joust,,04e1355f0109864d470a0ff6f8345436a7665b93,,,,,,NTSC,1987,Atari,,?,,,,,,,,,@,,,
"!Public Domain",,064fdb39af45d7a12731ae8904e129fa3f449cf5,,,"Senso 7800 DX3",,,,2003,Taquart,,?,,,,,,,,,@,,,
"Symbolic Debugger & Downloader",,0681d8c118e689df77e8710e71008810da8f7a4c,,,"Atari 7800 Symbolic Debug Monitor & Downloader",,,NTSC,1988,Atari,,b,,,,,,,,Crypt,@,,,
"!Public Domain",,0728021230e72ec7becbf2d6638415c1cfcd9268,,,"NTSC Encryption Backdoor Test",,,,2000,,,?,,,,,,,,,,,,
"Kung-Fu Master",,0ab29674e371db040e41060ae5b3512a3c7f5120,,,,,,PAL,1989,"Absolute Entertainment",,?,,,,,,,,,@,,,
"Rescue on Fractalus",,0b4c23d54646fcb49a1d272c6b05f7eb472be7bc,,,,,,Prototype,1984,Atari,,?,,,,,,,,CC2,,,,
"Desert Falcon",,0bf324702daf1a033fd8ffe57ecb9e066826780c,,,,,,NTSC,1987,Atari,,?,,,,,,,,,@,,,
@,,0d623df344364a5a7db7f4d2409afe4523d7ea08,,,Commando,,,NTSC,1989,Atari,@,@,@,@,@,@,@,@,@,@,@,,,
@,,113fbf85f1fd5ab3207bbb40563c41b14be59ca1,,,"Beef Drop",,,pre-release,2006/07/02,"Siders, Ken",@,@,@,@,@,@,@,@,@,@,@,,,
@,,125f4a8303313fe7865b51345e510bfd7cae5171,,,"Beef Drop",,,pre-release,2006/07/01,"Siders, Ken",@,@,@,@,@,@,@,@,@,@,@,,,
"Symbolic Debugger & Downloader",,14aa61b94e624e1a40739b4c9c2a7cccd28f2e77,,,"Atari 7800 Symbolic Debug Monitor & Downloader",,,NTSC,1988,Atari,,?,,,,,,,,,@,,,
!NoRen,,14d9967b2fe0b5bc07bfc50981694d7964d709c0,,,Gato,,,Prototype,198X,Atari,,,,,,,,,,,,,,
"Water Ski",,169ee9e4f0181108bcdcdf7a92983627d07ba63e,,,,,,NTSC,1988,Froggo,,?,,,,,,,,,@,,,
"Alien Brigade",,176a0f60cdd6d07d52bd222cde90c5f96226e3df,,,,,,PAL,1990,Atari,,?,,,,,,,,,@,,,
@,,17c63cb795cdfc1c06fc045ec4dfeaccbb992603,,,"Beef Drop",,,beta,2005/01/09,"Siders, Ken",@,@,"Pokey forced off",@,@,@,@,@,@,@,@,,,
@,,18b1645a76cf72ccc9ecfc582f02425daf410004,,,"Mario Bros.",,,NTSC,1988,Atari,@,@,@,@,@,@,@,@,@,@,@,,,
"!Public Domain",,1afafee683e45fa4c950fe81a4dbdeaa6323cab0,,,"Beef Drop",,,Beta,2004/11/05,"Siders, Ken",,?,,,,,,,,,@,,,
@,,1ba027dc92aedc9773f0930cc3d31e56e480af9b,,,"Beef Drop",,,beta,2004/11/23,"Siders, Ken",@,@,@,@,@,@,@,@,@,@,@,,,
"Food Fight",,1d08c9791803e7bacdc0f36414ccabd1fa6b07a0,,,,,,NTSC,1987,Atari,,?,,,,,,,,,@,,,
@,,1d1b7b7cb4179f84d2326fb0e97a7f02a2028021,,,"Beef Drop",,,pre-release,2006/07/04,"Siders, Ken",@,@,@,@,@,@,@,@,@,@,@,,,
"Planet Smashers",,1e040ac9f9da1f0806dbe0f687ff045c8acd3060,,,,,,PAL,1989,Atari,,?,,,,,,,,,@,,,
@,,1f2f0ccb5f54a92ae74e7fc05faf8099bf79d2e0,,,"Beef Drop",,,beta,2005/01/10,"Siders, Ken",@,@,"Pokey forced off",@,@,@,@,@,@,@,@,,,
@,,2127770fd5970b3aad14215e957a3863e1f50f49,,,"Beef Drop",,,pre-release,2006/06/30,"Siders, Ken",@,@,@,@,@,@,@,@,@,@,@,,,
!NoRen,,22f2f9192c65bab4fdf83b70de3b4832e5131aac,,,"Desert Falcon",,,,2004,,,,,,,,,,,HSC,,,,
@,,22f60f9ab424ff9106d04bdac191ae0b781e7bbd,,,"Beef Drop",,,beta,2005/01/10,"Siders, Ken",@,@,@,@,@,@,@,@,@,@,@,,,
Klax,,240de4d9afd1a280724627f12d0b278f7ce6fef4,,,"Klax: Impossible Level 2",,,,,,,?,,,,,,,,*,,,,
Asteroids,,244136dce7f71c146c4eb8c19b1c56ac3f71f646,,,,,,NTSC,1987,Atari,,?,,,,,,,,,@,,,
@,,246974b8066019e7b9607cf20359596a9398af85,,,"Summer Games",,,NTSC,1987,Atari,@,@,@,@,@,@,@,@,@,@,@,,,
!NoRen,,252b8d453f297be69a0b0de3a1bfd925a69c76e9,,,GATO,,,"Prototype | NTSC",1987,Atari,,?,,,,,,,,,@,,,
"!Public Domain",,2542b6fc59f40d891fab6443311f9626f88fc8f0,,,Tubes,,,V2004,2004,"Bruce Tomlin",,?,,,,,,,,,,,,
Crack'ed,,255e287a2f475731bafe5b7f1cf5075c8723d647,,,,,,NTSC,1988,Atari,,?,,,,,,,,,@,,,
"Fight Night",,25b8664f51e0e816c9a1c94397bde03ac256686d,,,,,,PAL,1988,Atari,,?,,,,,,,,,@,,,
@,,2717f81ca998714edfcc8e8a7cbab452b865c170,,,Centipede,,,NTSC,1987,Atari,@,@,@,@,@,@,@,@,@,@,@,,,
@,,275f8354c388dd52ba9915e4694cacf199e0cf07,,,"Beef Drop",,,beta,2004/11/11,"Siders, Ken",@,@,@,@,@,@,@,@,@,@,@,,,
@,,289726184c13ef554d3e806cf907165206e86945,,,"Food Fight",,,NTSC,1987,Atari,@,@,@,@,@,@,@,@,@,@,@,,,
Ballblazer,,28adab7de3af3ce8658a62a6e95b44f10324ee26,,,,,,NTSC,1987,Atari,,?,,,,,,,,,@,,,
@,,28fddab1e203610a153ce47f067f8af494a3442e,,,"Robotron: 2084",,,NTSC,1987,Atari,@,@,@,@,@,@,@,@,@,@,@,,,
"Rescue on Fractalus",,2c09c217d31c9e3dbabcc8927bb723ca9dbb1083,,,,,,Prototype,1984,Atari,,?,,,,,,,,,,,,
"Donkey Kong Junior",,2d02b7ec0ef958df5fbe11c1764c8932452e7451,,,,,,NTSC,1988,Atari,,?,,,,,,,,,@,,,
@,,30d214753b89b13455830b5d99aacd926127d63a,,,"Desert Falcon",,,NTSC,1987,Atari,@,@,@,@,@,@,@,@,@,@,@,,,
"Pole Position II",,319702e597f1fc419c1a530ed8cff2ea6c76e8fb,,,,,,NTSC,1987,Atari,,?,,,,,,,,,@,,,
@,,329782dd80a7ef88b81ab348aba4a0d478f0432f,,,Ballblazer,,,NTSC,1987,Atari,@,@,@,@,@,@,@,@,@,@,@,,,
@,,32b5ddc7bef1b140e94b17ce002809cf4566929f,,,Karateka,,,NTSC,1988,Atari,@,@,@,@,@,@,@,@,@,@,@,,,
Commando,,3314ce17df8b1b6fc52e13ccf8d6ea1aadbc66c4,,,,,,NTSC,1989,Atari,,?,,,,,,,,,@,,,
"Mean 18 Ultimate Golf",,34e8ae5ecbed5a27635ce0b7aa5e1c154f7c8a6c,,,,,,PAL,1989,Atari,,?,,,,,,,,,@,,,
@,,34f4e33c4d395f3d06197f96fb3e190c72e96f1f,,,Choplifter!,,,NTSC,1987,Atari,@,@,@,@,@,@,@,@,@,@,@,,,
@,,356993ebd89aa816fed5e22abf7d01f7503c4719,,,"Beef Drop",,,beta,2004/11/20,"Siders, Ken",@,@,@,@,@,@,@,@,@,@,@,,,
"Super Huey UH-IX",,35a03c8a15e63e53f5cc4334450bc7d695b7bea8,,,"Super Huey UH-1X",,,PAL,1988,Atari,,?,,,,,,,,,@,,,
"Motor Psycho",,363006e26a7c30d7140b8172faeaad4dc5f265d5,,,,,,PAL,1990,Atari,,?,,,,,,,,,@,,,
@,,370fe4a60bf810db2c6a3ddf81d2943a166e7fef,,,"Beef Drop",,,beta,2004/12/21,"Siders, Ken",@,@,@,@,@,@,@,@,@,@,@,,,
@,,374d61a3ff2a09bef7358b884ccec796848e58d8,,,"Beef Drop",,,beta,2005/01/08,"Siders, Ken",@,@,@,@,@,@,@,@,@,@,@,,,
"Ace of Aces",,384311f2b20c256d755fe470fb82ce8ad094bca0,,,"Ace Of Aces",,,NTSC,1988,Atari,,?,,,,,,,,,@,,,
@,,38f044a7267e6beac17f0824325bda3cd2ec3b9b,,,"Ms. Pac-Man",,,NTSC,1987,Atari,@,@,@,@,@,@,@,@,@,@,@,,,
Crack'ed,,39836c29772e91acb3db84e526dc62e2bd726fbf,,,,,,PAL,1988,Atari,,?,,,,,,,,,@,,,
"Scrapyard Dog",,39d2388d4b68c04b905eaa2e5456769da60c11bd,,,,,,PAL,1990,Atari,,?,,,,,,,,,@,,,
"Dig Dug",,3a0614b5ed04e878d63143fec23a75b778b9fd9b,,,,,,PAL,1987,Atari,,?,,,,,,,,,@,,,
@,,3b681a00300ecd040f9c815f4c040a5bbcfaa9c8,,,"Cross Verbix",,,@,2022/12/15,"Caruso, Fabrizio",@,@,@,@,@,@,@,@,@,@,@,,,
@,,3b79b823fdeb249bdcc2a460a316b08b8ffba02b,,,7800OpenBIOS,,,CC0,2021/07/05,"Saarna, Mike",@,@,@,@,@,@,@,@,@,@,@,,,
Klax,,3ca412fdb435b49f3558c2e0649ac67f513484c7,,,,,,"Prototype | NTSC",1992,Atari,,?,,,,,,,,,@,,,
"Dan Kitchen's Tomcat: F-14 Fighter Simulator",,3e95e46a1e5b54908a8cf814478037f745e605d9,,,,,,PAL,1989,"Absolute Entertainment",,?,,,,,,,,,@,,,
"Mario Bros.",,3f2905ae606d5e7c2e05d1bf6bb6525f88af31ba,,,,,,PAL,1988,Atari,,?,,,,,,,,,@,,,
@,,4119308900bf39c313ac89f7031e232e0b4456d0,,,"Beef Drop",,,pre-release,2006/01/08,"Siders, Ken",@,@,@,@,@,@,@,@,@,@,@,,,
"Food Fight",,41c8df367c77f15457383140d590c5e6a0ee5f76,,,,,,PAL,1987,Atari,,?,,,,,,,,,@,,,
"Winter Games",,42283b1297237e04c6ef69234770d093ffef8949,,,,,,NTSC,1987,Atari,,!,,,,,,,,,@,,,
"Donkey Kong",,46aa055a2cc950f075cf6833e1338c73027459d4,,,,,,NTSC,1988,Atari,,?,,,,,,,,,@,,,
@,,4741cdf3f8aaba6ec7e1f0142fee06147644d56a,,,"Beef Drop",,,pre-release,2005/02/24,"Siders, Ken",@,@,@,@,@,@,@,@,@,@,@,,,
"Fight Night",,48d87db3dfc85b20c04410104023694d60baf8a1,,,,,,NTSC,1988,Atari,,?,,,,,,,,,@,,,
"Touchdown Football",,4a7afa496ad97bc2b840ac60eb2827a743b01074,,,,,,NTSC,1988,Atari,,?,,,,,,,,,@,,,
"!Public Domain",,4ab521b0e07afbab159c4c74172e11f13f5a54bf,,,"Beef Drop",,,Alpha,2004/10/24,"Siders, Ken",,,,,,,,,,,@,,,
@,,4cae4bf1bbcbe6879cf163a56c9efb40820e88ce,,,"Beef Drop",,,beta,2005/01/08,"Siders, Ken",@,@,"Pokey forced off",@,@,@,@,@,@,@,@,,,
Crossbow,,4f2cd2fdd900c26b4d56bc55349b8c34497e761d,,,,,,PAL,1987,Atari,,?,,,,,,,,,@,,,
@,,4f385a64a1e8cbc9b6929c8ce49689fbe625624b,,,"Beef Drop",,,beta,2005/01/05,"Siders, Ken",@,@,@,@,@,@,@,@,@,@,@,,,
Crossbow,,520b6d9ef2ef4edae9a8cdf8da57c85810908a9a,,,,,,NTSC,1987,Atari,,?,,,,,,,,,@,,,
Klax,,52d18767dfb2745cb3d0abaf15b2a52717d0bcbc,,,"Klax: Impossible Level 3",,,,,,,?,,,,,,,,*,,,,
"!Public Domain",,54624fd7862fcd471ecec08f9ef5e937b02e97ca,,,"Q-bert Demo",,,V20021109,2002/11/09,"Ken Siders",,?,,,,,,,,,,,,
"7800 Kern Demo",,54c3b69e8ed46a4fdacceab9a899a2542d55f81f,,,,,,,2004,,,?,,,,,,,,,,,,
"Pit Fighter",,56134e14414effe6e37d75935dbd9dda00888ff8,,,,,,"Prototype | NTSC",1992,Atari,,,,,,,,,,,@,,,
!NoRen,,5791a81845b12cb2c1d6499b9eec8a028c4fc610,,,"Atari 7800 Symbolic Debug Monitor & Downloader",,,NTSC,1988,"John Saeger",,?,,,,,,,,"Encryption checker",@,,,
!NoRen,,57a35c80acd7210966ddf50a9135c463b46bba5c,,,"Beef Drop 7800",,,"Rev 03",2004/10/20,,,?,,,,,,,,,,,,
@,,57ddbc1da7d8c91a6a2d3d80af7db98f0daa05e6,,,"Impossible Mission",,,NTSC,1987,Atari,@,@,@,@,@,@,@,@,@,@,@,,,
"!Public Domain",,5824fea1546a64afecc2c6e817dce77b4c80f870,,,"Beef Drop",,,Alpha,2004/10/19,"Siders, Ken",,?,,,,,,,,,@,,,
"!Public Domain",,58505cf44e6bd9b2b7bce7751c1a21070c3fd5fd,,,KDEMO,,,V20021013,2002/10/13,"Ken Siders",,?,,,,,,,,,,,,
"!Public Domain",,585abb2fc9aeb0bf92ceb93bbaad153d16dd29c4,,,"Beef Drop",,,Alpha,2004/10/19,"Siders, Ken",,?,,,,,,,,,@,,,
"Planet Smashers",,58a82ff0bbbe418d1c2d950c9ecff7f5c549618f,,,,,,NTSC,1989,Atari,,?,,,,,,,,,@,,,
@,,58e1a65114689e526ad89a4a47e237161d15ab2b,,,"Super Huey UH-1X",,,NTSC,1988,Atari,@,@,@,@,@,@,@,@,@,@,@,,,
@,,58fa0e899b1522cfd5d613e44eb011b3e06a010d,,,Poetiru,,,@,2015,"Mihai, Sebastian",@,@,@,@,@,@,@,@,@,@,@,,,
@,,5a140136a16d1d83e4ff32a19409ca376a8df874,,,"Atari 7800 BIOS",,,PAL,198x,Atari,@,@,@,@,@,@,@,@,@,@,@,,,
@,,5a3de17714b24eb526d0ec62b327f4bc66a7fe9f,,,"Mean 18 Ultimate Golf",,,NTSC,1989,Atari,@,@,@,@,@,@,@,@,@,@,@,,,
"Donkey Kong",,5a5a0adb9a081972040eb608051d7e5edd28ee30,,,,,,PAL,1988,Atari,,?,,,,,,,,,@,,,
"Ikari Warriors",,5a9cb92d46a8f66d848df0915c0533f32db12b62,,,,,,PAL,1989,Atari,,?,,,,,,,,,@,,,
"!Public Domain",,5aaffdf44b54afc494422ba740e6080e133dba9a,,,"Beef Drop",,,Beta,2004/11/05,"Siders, Ken",,?,,,,,,,,,@,,,
Rampage,,5d09622379ff37fe4c9f71700e8832b2ebcead61,,,,,,,1989,Activision,,b,,,,,,,,,,,,
"Scrapyard Dog",,5fec935aa0e284e6373f456e5fb9158892d0f4e8,,,,,,NTSC,1990,Atari,,?,,,,,,,,,@,,,
"Tower Toppler",,601818803ca6cfa55b7c0154fc9841001d7b379f,,,,,,PAL,1988,Atari,,?,,,,,,,,,@,,,
"Kung-Fu Master",,624a8f70b433f04942d5544289ac156d50b93610,,,,,,NTSC,1989,"Absolute Entertainment",,!,,,,,,,,,@,,,
@,,625829093ce079c88a9c9129c0dab709311ff7a0,,,Joust,,,NTSC,1987,Atari,@,@,@,@,@,@,@,@,@,@,@,,,
Joust,,63470ed89bf256fbe33e081bf2793e9c947619fe,,,,,,PAL,1987,Atari,,?,,,,,,,,,@,,,
Choplifter!,,6457dd40aeadb9733602c4ad3498780ebd7bf0d1,,,,,,NTSC,1987,Atari,,?,,,,,,,,,@,,,
Xevious,,652e633776f608a3c2a1030a6796ba0c8669d8f0,,,,,,NTSC,1988,Atari,,?,,,,,,,,,@,,,
@,,66420526956011ef890f4d281a0b2023eede413e,,,"Beef Drop",,,alpha,2004/10/20,"Siders, Ken",@,@,@,@,@,@,@,@,@,@,@,,,
"!Public Domain",,678d7ca5aa01ea2f8a1c3d05239a66485dcb688d,,,"Senso 7800 DX4",,,,2003,Taquart,,?,,,,,,,,,@,,,
!NoRen,,6ac3621d153e20ad44fabbdaf65b74c20fbb9fdb,,,"Double Dragon",,,NTSC,1989,Activision,us,?,,,,,,,,,@,,,
Jinks,,6b1a67a8639c89bb9ae8e1200c1fa910e9d55476,,,,,,PAL,1989,Atari,,?,,,,,,,,,@,,,
"Water Ski",,6bb0205b88886f3079f50a25d7e6708bab32a49a,,,,,,NTSC,1988,Froggo,,b,,,,,,,,,@,,,
Basketbrawl,,6cceb878627fbcae67ae1c7e0fbdbbd7a9dd0693,,,,,,NTSC,1990,Atari,,?,,,,,,,,,@,,,
@,,6df3dbf42bcfa9c66fe94173f9b4338bbb5effd7,,,"Beef Drop",,,pre-release,2005/03/09,"Siders, Ken",@,@,@,@,@,@,@,@,@,@,@,,,
"Title Match Pro Wrestling",,6ff9937e199ba98934a27170413cb962f5fc1218,,,,,,NTSC,1989,"Absolute Entertainment",,!,,,,,,,,,@,,,
@,,70e4e1ca9827ae6bee26f5bc34f6b4203b09cd13,,,"Beef Drop",,,beta,2005/01/05,"Siders, Ken",@,@,@,@,@,@,@,@,@,@,@,,,
"Pit Fighter",,70eb9cbc1166c6ee46e100c8c73f979a66ba6cb3,,,,,,"Prototype | NTSC",1992,Atari,,b,,,,,,,,,@,,,
"Pete Rose Baseball",,7144cb51e759168fc0e02d02776cde9c4da76ea1,,,,,,NTSC,1989,"Absolute Entertainment",,b,,,,,,,,,@,,,
"Dark Chambers",,72c77e330825c0b82af7f6df310304152a54631c,,,,,,PAL,1988,Atari,,?,,,,,,,,,@,,,
"!Public Domain",,738f43e30fba8a32ed74a45067fa21ab15e564bd,,,"Space War",,,V20031018,2003/10/18,"Eric Ball",,?,,,,,,,,,,,,
"!Public Domain",,75466954e39abd99bcc24c647865766ee6ce3f16,,,"Beef Drop",,,Alpha,2004/10/31,"Siders, Ken",,?,,,,,,,,,@,,,
Galaga,,759d582fdbfa92f451b6c4a8bc739fc3e9f7128e,,,,,,PAL,1987,Atari,,?,,,,,,,,,@,,,
"Pete Rose Baseball",,776513b6408bb81ec3436cc8006db826a5bc83fd,,,Baseball,,,PAL,1989,"Absolute Entertainment",,?,,,,,,,,,@,,,
"Robotron: 2084",,77c3445993f2d0a2acf0a453ef80bc31e047b932,,,,,,NTSC,1987,Atari,,?,,,,,,,,,@,,,
"3D Asteroids",,7874a9c33bcfdea480932c34307a7623891c27de,,,,,,"Prototype | NTSC",1984,Atari,,?,,,,,,,,,@,,,
!NoRen,,78b58a68239e2016b15699f0c113984487156c22,,,Rampage,,,NTSC,1989,Activision,us,?,,,,,,,,,@,,,
@,,7a1b2db20226f8731006f69db015b23d10e7d0cf,,,"Beef Drop",,,pre-release,2006/07/04,"Siders, Ken",@,@,@,@,@,@,@,@,@,@,@,,,
"Tank Command",,7bc65ab655ff9360ecb4c12adea430b0ffda7404,,,,,,NTSC,1988,Froggo,,b,,,,,,,,,@,,,
"Tower Toppler",,7c5e2a16e8c8d88b044e5ff26355c56510830188,,,,,,NTSC,1988,Atari,,o,,,,,,,,,@,,,
Commando,,7d56547db021ed5ab5511ba1015f395ba1d6c70f,,,,,,PAL,1989,Atari,,?,,,,,,,,,@,,,
"Desert Falcon",,7ef881097ee95cc1869a830309d5f6c3c2608931,,,,,,,1987,Atari,,?,,,,,,,,HSC,,,,
@,,7f616d96d90f7dfeedff1c2d133ecfdbe7547242,,,"Beef Drop",,,"Demo playable",2006/07/03,"Siders, Ken",@,@,@,@,@,@,@,@,@,@,@,,,
!NoRen,,7fbe0ab6da1bc6587f8bf3173d934ab790fa514c,,,Crossbow,,,PAL,1989,Atari,,?,,,,,,,,CC2,,,,
"!Public Domain",,7fc7dfa46d6189422e008d978c09ea1e96734ed9,,,"Senso 7800 Test 5",,,,2001,Taquart,,?,,,,,,,,,@,,,
"Tank Command",,807505a3af7458622c5dffc62da1d608826f917a,,,,,,NTSC,1988,Froggo,,!,,,,,,,,,@,,,
"Title Match Pro Wrestling",,80cc587f905781d50dc32b64ac2c3daf7d159a74,,,,,,PAL,1989,"Absolute Entertainment",,?,,,,,,,,,@,,,
"Pete Rose Baseball",,80ed091b4081c134ea57b8e96fc3825b1d98e7b2,,,,,,NTSC,1989,"Absolute Entertainment",,!,,,,,,,,,@,,,
Meltdown,,816073f9dd490c34e64db4b246bca0ec0e0834fb,,,,,,NTSC,1990,Atari,,?,,,,,,,,,@,,,
@,,825536322712474b991770813436d82143753d98,,,"Beef Drop",,,beta,2004/12/09,"Siders, Ken",@,@,@,@,@,@,@,@,@,@,@,,,
@,,827ef5711add202337cbbd5fd3e50c7814341c90,,,"Beef Drop",,,beta,2004/11/19,"Siders, Ken",@,@,@,@,@,@,@,@,@,@,@,,,
"Super Skateboardin'",,8283a91b59b4a3b25ef479ba855b4af1b3b72a2d,,,,,,PAL,1988,"Absolute Entertainment",,?,,,,,,,,,@,,,
@,,85475e9cb0e6a065960c6c0a337b4a2a65299511,,,Xevious,,,NTSC,1988,Atari,@,@,@,@,@,@,@,@,@,@,@,,,
"!Public Domain",,85d6471cf423e4f16ed415bfe529605a39aee0f2,,,"Space War!",,,v20040318,2004,"Eric Ball",,?,,,,,,,,,@,,,
"Summer Games",,86383e6553453a353fb641b60f7021662bfc6553,,,,,,NTSC,1987,Atari,,!,,,,,,,,,@,,,
@,,86b33e9169d7e365187c13424fedc2e61beacbc9,,,"Ace of Aces",,,NTSC,1988,Atari,@,@,@,@,@,@,@,@,@,@,@,,,
Basketbrawl,,87b0740a5f042a61a0c38b25c0425638eebeb11f,,,,,,PAL,1990,Atari,,?,,,,,,,,,@,,,
@,,88cdff3f0dc80433fd5df86e4aa093faa36d34f5,,,"Diagnostic Test Cartridge",,,NTSC,1984,Atari,@,@,@,@,@,@,@,@,@,@,@,,,
!NoRen,,8af67b3d117c2af262db1b7d432e30ea5a33088c,,,"Beef Drop 7800",,,"Rev 05",2004/10/26,,,?,,,,,,,,,,,,
"Double Dragon",,8c782aa3faaef83f76f53e446a676881a4f44eb0,,,,,,PAL,1989,Activision,,?,,,,,,,,,@,,,
@,,8d534074a58a08968b8b49b239fb4080d0d816de,,,"Cross Verbix",,,@,2022/12/15,"Caruso, Fabrizio",@,@,"no color",@,@,@,@,@,@,@,@,,,
"Dark Chambers",,8e1866b33515d742bc0e1db0df0165f1c55694b9,,,,,,NTSC,1988,Atari,,?,,,,,,,,,@,,,
"!Public Domain",,8e73b2d1a29ba733fd1cb946b68ce26e9cd15c24,,,"Beef Drop",,,Beta,2004/11/09,"Siders, Ken",,?,,,,,,,,,@,,,
"Impossible Mission",,8edb423291b3d954b1a04a0fa8704856f3f8a2c3,,,,,,,1987,Atari,,,,,,,,,,,,,,
"!Public Domain",,8edf841480ec4577f683a4074877ae70e270b557,,,"Beef Drop",,,Beta,2004/11/03,"Siders, Ken",,?,,,,,,,,,@,,,
Centipede,,8f395f48971ed55e97f41f2286e10dcc5a14c066,,,,,,NTSC,1987,Atari,,?,,,,,,,,,@,,,
Meltdown,,8f626b39072acde7d01470d72dbed547824ed0a0,,,,,,PAL,1990,Atari,,?,,,,,,,,,@,,,
"F-18 Hornet",,8f76d508c35f94dddaea0b70b7b0cb81e33a6291,,,,,,PAL,1988,"Absolute Entertainment",,?,,,,,,,,,@,,,
"Barnyard Blaster",,8f8e37d9b6859953fdcd03beadac1166ecf026e0,,,,,,PAL,1988,Atari,,!,,,,,,,,,@,,,
"Super Huey UH-IX",,8fe3620de6d630e8a1aeb30291940f7589532956,,,"Super Huey UH-1X",,,NTSC,1988,Atari,,?,,,,,,,,,@,,,
"!Public Domain",,90106bb2ccad6499f2879864ba452439f7740b48,,,"Color Selector",,,,1987,Atari,,?,,,,,,,,,@,,,
"Donkey Kong Junior",,90d491e1dcb5aae2bc82e851ace60a5eed7c3b4f,,,,,,PAL,1988,Atari,,?,,,,,,,,,@,,,
Galaga,,93a3b9c5348bbfd3bad6ec2bd922857a66dbb73a,,,,,,NTSC,1987,Atari,,?,,,,,,,,,@,,,
"!Public Domain",,93ed412867351c4ddaf79fb3f61daebc0821ff36,,,"Beef Drop",,,Alpha,2004/10/29,"Siders, Ken",,?,,,,,,,,,@,,,
@,,950ec20374630cbbb53d03543b7c56e6f923b96d,,,"One-on-One Basketball",,,NTSC,1987,Atari,@,@,@,@,@,@,@,@,@,@,@,,,
"!Public Domain",,96313a291f3edbb9ba1b1e202a20e517d6c66c2d,,,Tubes,,,V20041103,2004/11/03,"Bruce Tomlin",,?,,,,,,,,,,,,
@,,96515fd5d0c7b3ec507469d5f47d377bdb1ab6fe,,,Galaga,,,NTSC,1987,Atari,@,@,@,@,@,@,@,@,@,@,@,,,
"Desert Falcon",,97fea37888741279cf21e09ec46f6325e87ac2ae,,,,,,PAL,1987,Atari,,?,,,,,,,,,@,,,
"Hat Trick",,9a154c4faeb10167eeac65206892ad9a1b9f8364,,,,,,NTSC,1987,Atari,,?,,,,,,,,,@,,,
@,,9bdbc4d628f06e425d50a4e2a67cc7806360d94d,,,"Super Huey UH-1X",,,NTSC,1988,Atari,@,@,@,@,@,@,@,@,@,@,@,,,
"Pete Rose Baseball",,a1bfa87625cf06217f7728375601909a5118cc63,,,,,,,1989,Absolute,,o,,,,,,,,,,,,
@,,a3af676991391a6dd716c79022d4947206b78164,,,"Atari 7800 High Score Cartridge BIOS",,,@,2000,"Atari | GCC | Gary Rubio",@,@,@,@,@,@,@,@,@,@,@,,,
"!Public Domain",,a4000c40c7b72eb218bc45d790fef6f623fe062e,,,Tubes,,,V20041103_Signed,2004/11/03,"Bruce Tomlin",,?,,,,,,,,,,,,
Centipede,,a4d28b28960a9473d97d266a69f413834fb4f588,,,,,,PAL,1987,Atari,,?,,,,,,,,,@,,,
@,,a60b690351ccc1b03de6f4b8945eb54f2dee762e,,,"Dig Dug",,,NTSC,1987,Atari,@,@,@,@,@,@,@,@,@,@,@,,,
Choplifter!,,a7fdc4abfd6c47d867e3c9b165ad902829d723a9,,,,,,PAL,1987,Atari,,?,,,,,,,,,@,,,
"Double Dragon",,a83fd5fa9ef368e216c03f11dbf6c9838c3c9572,,,,,,,1989,Activision,,b,,,,,,,,,,,,
!NoRen,,a850930af7c688febe85b4ae745cb320ed58f667,,,Crossbow,,,,1988,Atari,,?,,,,,,,,CC2,,,,
@,,a85bd67402642b53cddfeeb0b3e7313f0bbe0b04,,,"Beef Drop",,,beta,2004/12/10,"Siders, Ken",@,@,@,@,@,@,@,@,@,@,@,,,
!NoRen,,a93429788f0e25820555aaa80555cfd08dd2037c,,,"Beef Drop 7800",,,"Rev 04",2004/10/22,,,?,,,,,,,,,,,,
"Impossible Mission",,aa46b44bb579a82a85a03307bc474a6f19f209ab,,,,,,PAL,1987,Atari,,?,,,,,,,,,@,,,
@,,aab50199dac7fa7c9060ea6bd5529e75baf28cfa,,,"Beef Drop",,,beta,2005/01/09,"Siders, Ken",@,@,@,@,@,@,@,@,@,@,@,,,
"Fatal Run",,aac1881255b4429a2fa13fcb003c2290bce5687c,,,,,,NTSC,1990,Atari,,?,,,,,,,,,@,,,
"Ms. Pac-Man",,aad5c4b0b2e372f13ffa0a291023c9feee86785d,,,,,,NTSC,1987,Atari,,?,,,,,,,,,@,,,
!NoRen,,ab01ab13ce1bf9dd49fd162161c80c9c42999902,,,Sentinel,,,"Prototype | NTSC",1990,Atari,us,b,,,,,,,,,@,,,
@,,ab08f92c6a9a3346cce40958ad6492e6af00acf1,,,"Mat Mania Challenge",,,NTSC,1990,Atari,@,@,@,@,@,@,@,@,@,@,@,,,
"RealSports Baseball",,ab96b82d698bd59d07d8004f0445699e26137817,,,,,,NTSC,1988,Atari,,o,,,,,,,,,@,,,
@,,ad3002b9385d1df8c0066a407362a1261180e76f,,,"Atari 7800 BIOS",,,NTSC,1984,Atari,@,b,@,@,@,@,@,@,@,@,@,,,
"Water Ski",,ad52027a4ef5822ff126f3d74350b8215e863f89,,,,,,NTSC,1988,Froggo,,o,,,,,,,,,@,,,
@,,af4598cea849790262c1ba308410dbf8195b72ec,,,Meltdown,,,NTSC,1990,Atari,@,b,@,@,@,@,@,@,@,@,@,,,
"Mario Bros.",,b0216f9979d0cf75d2f00c2715170b7acf3d92f9,,,,,,NTSC,1988,Atari,,?,,,,,,,,,@,,,
Xenophobe,,b0499b57a42741ddd672ff7ff1b9ac3bc068ac58,,,,,,PAL,1989,Atari,,?,,,,,,,,,@,,,
"Tank Command",,b071ddbae6f71b93cf250af6940458e86b024e06,,,,,,NTSC,1988,Froggo,,o,,,,,,,,,@,,,
@,,b39dcd50307e94ec4e4d310e731ee9590c02664c,,,"Beef Drop",,,beta,2005/01/10,"Siders, Ken",@,@,"Pokey forced on",@,@,@,@,@,@,@,@,,,
Klax,,b7ba364bfcbf2b8a8c9b27d8ecf7d1da0a5827c8,,,"Klax: Impossible Level 1",,,,,,,?,,,,,,,,*,,,,
"One-on-One Basketball",,b89b8e550ae9c58880ef05e2e7d6ec6de40e96ce,,,,,,NTSC,1987,Atari,,?,,,,,,,,,@,,,
"F-18 Hornet",,b9b673c6cc4abc1f1bfb0d27d07be72b9976a1dd,,,,,,NTSC,1988,"Absolute Entertainment",,b,,,,,,,,,@,,,
!NoRen,,ba3ad01a10ee7fecd44d530bfd1f6899f1f96ce2,,,Klax,,,Prototype,1992,Atari,,?,,1,,,,,,,,,,
@,,baa7f957db2f4f9165a75b0f77866b5f99312769,,,"Winter Games",,,NTSC,1987,Atari,@,@,@,@,@,@,@,@,@,@,@,,,
!NoRen,,bbb8aa88879f2ec6039673ccdbbebebc565346bc,,,"Desert Falcon",,,,2005,,,?,,,,,,,,HSC,,,,
@,,bc4caab510688e63bd70c332b51dd125d8dc6623,,,"Beef Drop",,,beta,2004/11/17,"Siders, Ken",@,@,@,@,@,@,@,@,@,@,@,,,
Gato,,bc8ee7adeb01c875eeeda51d707c533cc4329668,,,GATO,,,"Prototype | NTSC",1987,Atari,,?,,,,,,,,,@,,,
!NoRen,,bdbc60df4fe04072f41b408d5ed97487db9abe34,,,"Impossible Mission",,,NTSC,1987,Atari,us,?,,,,,,,,,@,,,
"Ninja Golf",,bf0801510a0835e327b1b2edd2d56399551bc047,,,,,,NTSC,1989,Atari,,?,,,,,,,,,@,,,
Sentinel,,bf414ce1962f57016b26f545321d49fe13cf1e1e,,,,,,PAL,1991,Atari,,!,,,,,,,,,@,,,
@,,bfbf9be9ad0788f5c54428cc70ca8b75816eb4a9,,,Sentinel,,,"NTSC | proto",1990,Atari,@,@,@,@,@,@,@,@,@,@,@,,,
"Super Skateboardin'",,c0517bfebf4e81ac61bbf9c5ddd49a1e8fb49a88,,,,,,,1989,Absolute,,o,,,,,,,,,,,,
@,,c159d273ffb20f9d843b038f6a830576c6d85013,,,"Beef Drop",,,beta,2005/01/08,"Siders, Ken",@,@,"Pokey forced on",@,@,@,@,@,@,@,@,,,
"Mean 18 Ultimate Golf",,c1f1d13b0a3cff210a6b8fe73efb5588cb4de3c6,,,,,,NTSC,1989,Atari,,!,,,,,,,,,@,,,
"!Public Domain",,c317adf4af005f6b5e1b2d714b1c9536252afbbb,,,"Beef Drop",,,Beta,2004/11/04,"Siders, Ken",,?,,,,,,,,,@,,,
@,,c3ff403ce7d2b3a14dd3c6ba71fbf53526f319c2,,,"Beef Drop",,,pre-release,2006/06/30,"Siders, Ken",@,@,@,@,@,@,"okey fallback",@,@,@,@,,,
"Midnight Mutants",,c56e2180b8ad1d37767d01c22bfb098d995f192e,,,,,,NTSC,1990,Atari,,?,,,,,,,,,@,,,
@,,c582e3feaac1868798866b2ee27ed3c92b390759,,,"Beef Drop",,,beta,2004/12/08,"Siders, Ken",@,@,@,@,@,@,@,@,@,@,@,,,
@,,c6c8accd3ff293c249f544688dc49807ca2556cf,,,"Pole Position II",,,NTSC,1987,Atari,@,@,@,@,@,@,@,@,@,@,@,,,
!NoRen,,c837d632d8035597ab7d15274112dc6c7e24c48f,,,"Space War",,,,2005/03/18,,,,,,,,,,,,,,,
"Ninja Golf",,c8513193616984b872a4e4892abe5ce85611aab9,,,,,,PAL,1989,Atari,,?,,,,,,,,,@,,,
!NoRen,,c983927d3c8acb050a1f96793988f46e5167c94c,,,"Space War",,,,2003/10/18,,,,,,,,,,,,,,,
@,,ca1e5aa9359bacaff10bcbb8ff42cf52ce6d9d02,,,Asteroids,,,NTSC,1987,Atari,@,@,@,@,@,@,@,@,@,@,@,,,
Ballblazer,,ca675c16174f491a99427c25f6aae1f7cbe8e8c5,,,,,,PAL,1987,Atari,,?,,,,,,,,,@,,,
!NoRen,,cadbb92d59d373c6f04420319eaf3cb448103b0e,,,"F-18 Hornet",,,NTSC,1988,"Absolute Entertainment",us,?,,,,,,,,,@,,,
@,,cc6feb8236776c49cb57875130c1c3b5e984253e,,,"Donkey Kong",,,NTSC,1988,Atari,@,@,@,@,@,@,@,@,@,@,@,,,
"!Public Domain",,ce7856ab8bf947b2d9ddc4080fa9fa2c24c3bb29,,,"7800 DEV OS BIOS",,,,,,,?,,,,,,,,,,,,
@,,cf1edf5e8728c0a9bb688ed9fe28994881e081bd,,,Klax,,,"NTSC | proto",1992,Atari,@,@,@,@,@,@,@,@,@,@,@,,,
"Dan Kitchen's Tomcat: F-14 Fighter Simulator",,cf5774e0ec2f127b40759e184572eab22b0ac635,,,,,,NTSC,1989,"Absolute Entertainment",,!,,,,,,,,,@,,,
@,,cff94abdbb20679817757d99781ad3e104bdcdfa,,,"Beef Drop",,,beta,2005/01/03,"Siders, Ken",@,@,@,@,@,@,@,@,@,@,@,,,
"Midnight Mutants",,d0a24c0238520f666d9b558c79a8ee5131983fee,,,,,,PAL,1990,Atari,,?,,,,,,,,,@,,,
"Pit Fighter",,d1ad56c792597a83fa51d29e8236ad5b818ada87,,,,,,"Prototype | NTSC",1992,Atari,,o,,,,,,,,,@,,,
"Ikari Warriors",,d276034ad0cb78233f41d62f26ae8c13941b347f,,,,,,NTSC,1989,Atari,,?,,,,,,,,,@,,,
"RealSports Baseball",,d2b8b6dbb600b2e8b70abbabc10984c5a6e391ba,,,,,,NTSC,1988,Atari,,?,,,,,,,,,@,,,
@,,d3cfb8226e6e1e40d61710de0bb2551116514529,,,"Beef Drop",,,pre-release,2006/07/04,"Siders, Ken",@,@,@,@,@,@,@,@,@,@,@,,,
@,,d419772b1aa40cb4c62faea904000fbb243c0b46,,,"Hat Trick",,,NTSC,1987,Atari,@,@,@,@,@,@,@,@,@,@,@,,,
@,,d51ecbcd6531e3656a84a245c2d949426cb62770,,,"Beef Drop",,,pre-release,2005/02/24,"Siders, Ken",@,@,@,@,@,@,@,@,@,@,@,,,
"F-18 Hornet",,d60230712f924f386ee72f5512dbf41588b7fda2,,,,,,NTSC,1988,"Absolute Entertainment",,b,,,,,,,,,@,,,
Xenophobe,,d70bf96175e9a496b3041c149b727b23fe44e91e,,,,,,NTSC,1989,Atari,,!,,,,,,,,,@,,,
"Mat Mania Challenge",,d84a0f727e2176a58ec222c3b4a3364ddd6c4e30,,,,,,NTSC,1990,Atari,,?,,,,,,,,,@,,,
@,,d9d134bb6b36907c615a594cc7688f7bfcef5b43,,,"Atari 7800 BIOS",,,NTSC,1984,Atari,@,@,@,@,@,@,@,@,@,@,@,,,
@,,dba0b7bc55002ee400444303b5273cb96df2a6d0,,,"Beef Drop",,,beta,2004/12/03,"Siders, Ken",@,@,@,@,@,@,@,@,@,@,@,,,
"Dig Dug",,dd8d50b1b72953d7535aec08880270f3b5245e12,,,,,,NTSC,1987,Atari,,?,,,,,,,,,@,,,
@,,de7057f75c15d80366f8ad65a07b144b20ddea69,,,"Beef Drop",,,beta,2004/11/30,"Siders, Ken",@,@,@,@,@,@,@,@,@,@,@,,,
@,,df54f66ebab486df6a8d5734fcfe6e0329bd4e7e,,,"Beef Drop",,,alpha,2004/10/26,"Siders, Ken",@,@,@,@,@,@,@,@,@,@,@,,,
"Alien Brigade",,e0ab2c70d89f7aa30a27a16bc48bd0910e328211,,,,,,,1990,Atari,,b,,,,,,,,,,,,
@,,e1e487fb47c1608b320258f822853055805d62da,,,"Beef Drop",,,beta,2005/01/09,"Siders, Ken",@,@,"Pokey forced on",@,@,@,@,@,@,@,@,,,
"One-on-One Basketball",,e360ea84ad560e649852a7cb0220f552c5d8c442,,,,,,PAL,1987,Atari,,?,,,,,,,,,@,,,
"Tower Toppler",,e4b5a0dd8bfc9319289076ef0aa4543d94019e5c,,,,,,NTSC,1988,Atari,,!,,,,,,,,,@,,,
!NoRen,,e4dbf8b257f8f3cf9ea7a66b798aaa31babaf83a,,,"Impossible Mission",,,,1988,Atari,,?,,1,,,,,,,,,,
Rampage,,e50fb1311c71fc4bfc710d601638b41c4d81925a,,,,,,,1989,Activision,,b,,,,,,,,,,,,
Karateka,,e6b6972937d3a77a9badd0ddd32021a2d8efff04,,,,,,PAL,1988,Atari,,?,,,,,,,,,@,,,
"Mat Mania Challenge",,e83dfc8c1546527aa79176444937af1897aff80e,,,,,,PAL,1990,Atari,,?,,,,,,,,,@,,,
"Ms. Pac-Man",,e878bde9200cd8bcfe82e3ef51e20d16983328db,,,,,,PAL,1987,Atari,,?,,,,,,,,,@,,,
Jinks,,e8e731a2f19f8cb83617a91c4aaaff28bb89ef7d,,,,,,NTSC,1989,Atari,,?,,,,,,,,,@,,,
"!Public Domain",,e9116d29a4c990cddb18753703c91d34b1fe5f87,,,"Robot Finds Kitten 7800",,,V20040320,2004/03/20,,,?,,,,,,,,,,,,
@,,eb91ddc7d68aa660de7538e72e22ed472a439737,,,"Beef Drop",,,pre-release,2006/07/03,"Siders, Ken",@,@,@,@,@,@,@,@,@,@,@,,,
@,,eb972e4b6e82f3a9764dec2ea61ac1a44ec8c5d1,,,"Beef Drop",,,pre-release,2005/02/25,"Siders, Ken",@,@,@,@,@,@,@,@,@,@,@,,,
@,,ebc08fbff47e727d3f87b8e838e4e81257a79804,,,"Barnyard Blaster",,,NTSC,1988,Atari,@,@,@,@,@,@,@,@,@,@,@,,,
"Ace of Aces",,ec308d7eaa759bf1cc3f12b07537699c8eafd59d,,,,,,PAL,1988,Atari,,?,,,,,,,,,@,,,
"Title Match Pro Wrestling",,ec9e08f2fe5ba8e5d9cf60fc327094f6b1b92294,,,,,,,1989,Absolute,,o,,,,,,,,,,,,
"Alien Brigade",,eec0c56ff4cd107101e0d44bc55913e6d886da94,,,,,,NTSC,1990,Atari,,!,,,,,,,,,@,,,
Klax,,ef5de81827dbf03fec742206e99904e8c47724de,,,,,,"Prototype | NTSC",1992,Atari,,b,,,,,,,,,@,,,
Karateka,,ef839309a2770efd09955ed3467f0970a64d8243,,,,,,NTSC,1988,Atari,,?,,,,,,,,,@,,,
"Hat Trick",,f1a01335e1311a96561ff799edb05f2c1ad1ef0b,,,,,,PAL,1987,Atari,,?,,,,,,,,,@,,,
"Diagnostic Test Cartridge",,f1da35db85f99db8803ae088499cb9dc148fe0c6,,,,,,NTSC,1984,Atari,,!,,,,,,,,,@,,,
@,,f1e66a300bbb2e52c52f180ae15e5e6024323d6d,,,"Donkey Kong Junior",,,NTSC,1988,Atari,@,@,@,@,@,@,@,@,@,@,@,,,
@,,f1ee63bee875517536543e1f30a1eb03e3dd4201,,,"Beef Drop",,,beta,2004/12/05,"Siders, Ken",@,@,@,@,@,@,@,@,@,@,@,,,
Xevious,,f2a76e8f8d1b79a4859bc9d7a90b4c1f7e013f8a,,,,,,PAL,1988,Atari,,?,,,,,,,,,@,,,
@,,f3b0dfd6290962990ba49e4f3532a9493de1f1e5,,,"Beef Drop",,,beta,2004/12/08,"Siders, Ken",@,@,@,@,@,@,@,@,@,@,@,,,
"Motor Psycho",,f59f5081979b69b30a6f3cf9f2be5345747ee14e,,,,,,NTSC,1990,Atari,,?,,,,,,,,,@,,,
!NoRen,,f629efb4526f371022f782d506ec92c7c7a1acaa,,,"Alien Brigade",,,,1990,Atari,,?,,,,,,,,CC2,,,,
"Pole Position II",,f77e284dbfc472b74177ff0e4a012b44ef2efa6e,,,,,,PAL,1987,Atari,,?,,,,,,,,,@,,,
@,,fb504fec071574d0a33d495c34a467fbb10b2bed,,,Sentinel,,,PAL,1991,Atari,@,@,@,@,@,@,@,@,@,@,@,,,
"Super Skateboardin'",,fbf1848df9def28df693a3b85589ffb72273519a,,,,,,NTSC,1988,"Absolute Entertainment",,!,,,,,,,,,@,,,
"!Public Domain",,fdf214edf9eb6055f22188845fdf6d36f88d0da0,,,"Beef Drop",,,Beta,2004/11/06,"Siders, Ken",,?,,,,,,,,,@,,,
@,,ff38157a30c8df0a9c20adeb321229e92c40691e,,,"Beef Drop",,,pre-release,2005/02/23,"Siders, Ken",@,@,@,@,@,@,@,@,@,@,@,,,
"Barnyard Blaster",,ff9679a3f2f98d4c5e4a9f5c232f88d2db2bfa92,,,,,,NTSC,1988,Atari,,!,,,,,,,,,@,,,
